{"loss": [1.379994511604309], "accuracy": [0.594750702381134], "val_loss": [0.5768282413482666], "val_accuracy": [0.9261848187446594]}